{
  "events": [
    {
      "id": "miokmilynmjkvjwdggq",
      "title": "Test",
      "start": "10:15",
      "end": "14:15",
      "dayIndex": 0,
      "extendedProps": {
        "zone": "Alt-/Neustadt",
        "tour": "t1",
        "types": [
          "care"
        ],
        "rhythm": "weekly"
      }
    }
  ],
  "pool": [],
  "employees": [
    {
      "id": "mioip8xvc71enfawpfk",
      "name": "Selin Abay",
      "weeklyHours": 15,
      "wageGroup": "hilfskraft",
      "transport": "car",
      "homeZone": "Bismarck"
    },
    {
      "id": "mioipxkdxdm45a75pnj",
      "name": "Manuela Arfaoui",
      "weeklyHours": 12,
      "wageGroup": "hilfskraft",
      "transport": "public",
      "homeZone": "Scholven"
    },
    {
      "id": "mioiqps97oytreyug1l",
      "name": "Gabriela Brückler",
      "weeklyHours": 20,
      "wageGroup": "fachkraft",
      "transport": "car",
      "homeZone": "Feldmark"
    },
    {
      "id": "mioiu2fpob3zo1382wb",
      "name": "Nicole Burandt",
      "weeklyHours": 10,
      "wageGroup": "betreuungskraft",
      "transport": "car",
      "homeZone": "Schalke"
    },
    {
      "id": "mioiunm8vb04ts31akf",
      "name": "Rebecca Busan",
      "weeklyHours": 20,
      "wageGroup": "betreuungskraft",
      "transport": "public",
      "homeZone": "Feldmark"
    },
    {
      "id": "mioivanf5un7dkhokmq",
      "name": "Kirsten Eickhoff",
      "weeklyHours": 20,
      "wageGroup": "betreuungskraft",
      "transport": "car",
      "homeZone": "Schalke"
    },
    {
      "id": "mioivt1ajka4kc5jik",
      "name": "Natascha Feichtmaier",
      "weeklyHours": 18,
      "wageGroup": "betreuungskraft",
      "transport": "car",
      "homeZone": "Schalke"
    },
    {
      "id": "mioiwfzexim605w47gt",
      "name": "Anna Hogrefe",
      "weeklyHours": 25,
      "wageGroup": "betreuungskraft",
      "transport": "car",
      "homeZone": "Scholven"
    },
    {
      "id": "miokrv5oxsn3pfae3wo",
      "name": "Andrea Jakubowski",
      "weeklyHours": 15,
      "wageGroup": "betreuungskraft",
      "transport": "car",
      "homeZone": "Beckhausen"
    },
    {
      "id": "mioks8zmmbcgqflh9np",
      "name": "Anke Jasinski",
      "weeklyHours": 10,
      "wageGroup": "betreuungskraft",
      "transport": "car",
      "homeZone": "Scholven"
    },
    {
      "id": "mioksmc86gue09e1ff",
      "name": "Selma Karakus",
      "weeklyHours": 20,
      "wageGroup": "betreuungskraft",
      "transport": "car",
      "homeZone": "Außerhalb"
    },
    {
      "id": "miokt9ieu8uoonh1jzl",
      "name": "Michaela Klare",
      "weeklyHours": 15,
      "wageGroup": "betreuungskraft",
      "transport": "car",
      "homeZone": "Schalke"
    },
    {
      "id": "mioktsh5iwb94nw0kl",
      "name": "Bianca Knuth",
      "weeklyHours": 12,
      "wageGroup": "betreuungskraft",
      "transport": "car",
      "homeZone": "Erle"
    },
    {
      "id": "mioku88aq3uddly3uh",
      "name": "Anja Kranich",
      "weeklyHours": 10,
      "wageGroup": "betreuungskraft",
      "transport": "car",
      "homeZone": "Bismarck"
    },
    {
      "id": "miokusg06ek7tz8bw84",
      "name": "Heike Lankow",
      "weeklyHours": 20,
      "wageGroup": "betreuungskraft",
      "transport": "public",
      "homeZone": "Bismarck"
    },
    {
      "id": "miokvb9rvbc8itrg3",
      "name": "Celina Lehnen",
      "weeklyHours": 15,
      "wageGroup": "r_e",
      "transport": "public",
      "homeZone": "Horst"
    },
    {
      "id": "miokw662apu44y6c8ov",
      "name": "Manuela Meininghaus",
      "weeklyHours": 18,
      "wageGroup": "betreuungskraft",
      "transport": "car",
      "homeZone": "Rotthausen"
    },
    {
      "id": "miokwmwtsc7vr5fnt4",
      "name": "Dirk Nahs",
      "weeklyHours": 15,
      "wageGroup": "betreuungskraft",
      "transport": "car",
      "homeZone": "Feldmark"
    },
    {
      "id": "miokx3dy60d8t306ix3",
      "name": "Ramona Polyakovics",
      "weeklyHours": 15,
      "wageGroup": "betreuungskraft",
      "transport": "public",
      "homeZone": "Ückendorf"
    },
    {
      "id": "miokxfxlbfqjdxzf9tb",
      "name": "Marcel Pracht",
      "weeklyHours": 25,
      "wageGroup": "r_e",
      "transport": "car",
      "homeZone": "Außerhalb"
    },
    {
      "id": "miokxw1flyeqqtooyzb",
      "name": "Anja Rullmann",
      "weeklyHours": 16,
      "wageGroup": "betreuungskraft",
      "transport": "car",
      "homeZone": "Rotthausen"
    },
    {
      "id": "miokye7e3y6gladm3r",
      "name": "Michaela Schemann",
      "weeklyHours": 6,
      "wageGroup": "r_e",
      "transport": "car",
      "homeZone": "Buer"
    },
    {
      "id": "miokyunz0did1sxjcdb",
      "name": "Kathrin Schwindt",
      "weeklyHours": 20,
      "wageGroup": "betreuungskraft",
      "transport": "car",
      "homeZone": "Erle"
    },
    {
      "id": "miokzgs198mow0p93si",
      "name": "Mechthild Sickelmann",
      "weeklyHours": 12,
      "wageGroup": "betreuungskraft",
      "transport": "car",
      "homeZone": "Buer"
    },
    {
      "id": "miokzud6hnd66ixc2x",
      "name": "Nadine Siesing",
      "weeklyHours": 25,
      "wageGroup": "betreuungskraft",
      "transport": "car",
      "homeZone": "Schalke"
    },
    {
      "id": "miol09nlwrhxo78uha",
      "name": "Ines Stein",
      "weeklyHours": 11,
      "wageGroup": "betreuungskraft",
      "transport": "car",
      "homeZone": "Heßler"
    },
    {
      "id": "miol0q44ba8byckxvhr",
      "name": "Jasmin Stöneberg",
      "weeklyHours": 25,
      "wageGroup": "betreuungskraft",
      "transport": "car",
      "homeZone": "Schalke"
    },
    {
      "id": "miol162pug2dfbxp28",
      "name": "Gisela Strauß",
      "weeklyHours": 30,
      "wageGroup": "r_e",
      "transport": "car",
      "homeZone": "Erle"
    },
    {
      "id": "miol1ktcalvxkg7xhti",
      "name": "Daniela Wegner",
      "weeklyHours": 15,
      "wageGroup": "betreuungskraft",
      "transport": "car",
      "homeZone": "Buer"
    },
    {
      "id": "miol206338jr9lghvm7",
      "name": "Hannah Willam",
      "weeklyHours": 12,
      "wageGroup": "betreuungskraft",
      "transport": "car",
      "homeZone": "Resse"
    }
  ],
  "tours": [
    {
      "id": "t1",
      "name": "Tour 1"
    }
  ],
  "wageSettings": {
    "wageGroups": [
      {
        "id": "r_e",
        "name": "RüE",
        "hourlyRate": 19.77
      },
      {
        "id": "betreuungskraft",
        "name": "Betreuungskraft",
        "hourlyRate": 18.4
      },
      {
        "id": "hw_kraft",
        "name": "HW-Kraft",
        "hourlyRate": 16
      }
    ],
    "surcharges": {
      "sunday": 26,
      "holiday": 100,
      "night": 20
    },
    "revenueRates": {
      "care": 45,
      "house": 35,
      "social": 40
    },
    "avgSpeed": 30,
    "kmRate": 0.3,
    "publicTransportMonthly": 30,
    "employerFactor": 1.5,
    "targetMargin": 50
  },
  "favorites": []
}